{"cameraMode":{"drawMode":0,"name":"Shaded","section":"Shading Mode"},"sceneLighting":false,"audioPlay":false,"sceneViewState":{"showFog":true,"showMaterialUpdate":true,"showSkybox":true,"showFlares":true,"showImageEffects":true,"showParticleSystems":true},"in2DMode":false,"pivot":{"x":86.60990905761719,"y":1.1496200561523438,"z":36.46754455566406},"rotation":{"x":-0.20996589958667756,"y":0.008786003105342389,"z":-0.0018906539771705866,"w":-0.9776673913002014},"size":51.32026290893555,"orthographic":false}