{"cameraMode":{"drawMode":0,"name":"Shaded","section":"Shading Mode"},"sceneLighting":false,"audioPlay":false,"sceneViewState":{"showFog":true,"showMaterialUpdate":true,"showSkybox":true,"showFlares":true,"showImageEffects":true,"showParticleSystems":true},"in2DMode":false,"pivot":{"x":19.655153274536134,"y":-10.228425025939942,"z":28.759572982788087},"rotation":{"x":-0.3761444389820099,"y":-0.0569312758743763,"z":0.023162148892879487,"w":-0.9245202541351318},"size":68.00847625732422,"orthographic":false}