{"cameraMode":{"drawMode":0,"name":"Shaded","section":"Shading Mode"},"sceneLighting":false,"audioPlay":false,"sceneViewState":{"showFog":true,"showMaterialUpdate":true,"showSkybox":true,"showFlares":true,"showImageEffects":true,"showParticleSystems":true},"in2DMode":false,"pivot":{"x":31.772104263305665,"y":-10.962400436401368,"z":38.873779296875},"rotation":{"x":-0.2464754730463028,"y":-0.007281814701855183,"z":0.0018481785664334894,"w":-0.9691199660301209},"size":76.05010223388672,"orthographic":false}