{"cameraMode":{"drawMode":0,"name":"Shaded","section":"Shading Mode"},"sceneLighting":false,"audioPlay":false,"sceneViewState":{"showFog":true,"showMaterialUpdate":true,"showSkybox":true,"showFlares":true,"showImageEffects":true,"showParticleSystems":true},"in2DMode":false,"pivot":{"x":32.830406188964847,"y":2.5199999809265138,"z":8.6563720703125},"rotation":{"x":-0.2464754730463028,"y":-0.007281814701855183,"z":0.0018481785664334894,"w":-0.9691199660301209},"size":3.500178575515747,"orthographic":false}