{"cameraMode":{"drawMode":0,"name":"Shaded","section":"Shading Mode"},"sceneLighting":false,"audioPlay":false,"sceneViewState":{"showFog":true,"showMaterialUpdate":true,"showSkybox":true,"showFlares":true,"showImageEffects":true,"showParticleSystems":true},"in2DMode":false,"pivot":{"x":60.20242691040039,"y":9.65475082397461,"z":30.189170837402345},"rotation":{"x":-0.24486978352069856,"y":0.03488199785351753,"z":-0.008819520473480225,"w":-0.9688881635665894},"size":103.3019790649414,"orthographic":false}